{"inputs": {"UV": {"mean": 0.05338255422808035, "std": 0.04812304740290464}, "Vis": {"mean": 0.038623506531323105, "std": 0.03346731440580461}, "NIR": {"mean": 0.021489619711357714, "std": 0.02867664418037562}}, "outputs": {"OBJECT-RADIUS-REL-EARTH": {"mean": 0.9558290883638481, "std": 0.16505620983365715}, "OBJECT-GRAVITY": {"mean": 9.250223449839527, "std": 2.476248160493886}, "ATMOSPHERE-TEMPERATURE": {"mean": 294.36994870731274, "std": 20.27612381136371}, "ATMOSPHERE-PRESSURE": {"mean": 967.5318357018389, "std": 487.38854769705586}, "log_C2H6": {"mean": -2.007234511931396, "std": 2.893824779476857}, "log_CH4": {"mean": -3.749600893077098, "std": 1.7060829297064461}, "log_CO": {"mean": -4.411011027842115, "std": 1.4413582224199608}, "log_CO2": {"mean": -2.4568358204520435, "std": 1.12272967736881}, "log_H2O": {"mean": -3.20549557548832, "std": 1.0468299247149826}, "log_N2": {"mean": -0.10627588198042191, "std": 0.20807446329747034}, "log_N2O": {"mean": -4.991638337847242, "std": 3.6399987271549072}, "log_O2": {"mean": -1.1696084772180688, "std": 1.2660404767489668}, "log_O3": {"mean": -4.523029058666912, "std": 3.3243754024244163}}}