{"inputs": {"UV": {"mean": 0.05338878821926193, "std": 0.1786631797483721}, "Vis": {"mean": 0.038637963955897844, "std": 0.034284439700595255}, "NIR": {"mean": 0.021570751695650828, "std": 0.17476710099282122}}, "outputs": {"OBJECT-RADIUS-REL-EARTH": {"mean": 0.9559165221244375, "std": 0.16508187721690165}, "OBJECT-GRAVITY": {"mean": 9.251572160157766, "std": 2.4766907318526683}, "ATMOSPHERE-TEMPERATURE": {"mean": 294.3904570953519, "std": 20.2909161770209}, "ATMOSPHERE-PRESSURE": {"mean": 967.820965228252, "std": 487.5308965476331}, "C2H6": {"mean": 1.547498897969232e-06, "std": 6.432021622300652e-06}, "CH4": {"mean": 0.00644319230843348, "std": 0.017264393418163992}, "CO": {"mean": 0.0026056200863358286, "std": 0.010325043810979432}, "CO2": {"mean": 0.034927158062188046, "std": 0.07941063951001792}, "H2O": {"mean": 0.007883307687527036, "std": 0.026188405804202102}, "N2": {"mean": 0.8414195461989823, "std": 0.2224688280678534}, "N2O": {"mean": 3.68219827604095e-07, "std": 1.5930986278025398e-06}, "O2": {"mean": 0.10671736455123053, "std": 0.2222811280487352}, "O3": {"mean": 1.895118198181235e-06, "std": 8.190102249981173e-06}}}