{"inputs": {"B-UV": {"mean": 0.05338878821926193, "std": 0.1786631797483721}, "B-Vis": {"mean": 0.038637963955897844, "std": 0.034284439700595255}, "B-NIR": {"mean": 0.021570751695650828, "std": 0.17476710099282122}, "SS-UV": {"mean": 0.05403417486509094, "std": 0.050288985466582385}, "SS-Vis": {"mean": 0.041268854632586255, "std": 0.03669293001236297}, "SS-NIR": {"mean": 0.024403290984017945, "std": 0.2002496433797539}}, "outputs": {"OBJECT-RADIUS-REL-EARTH": {"min": 0.5808368921279907, "max": 1.2299998998641968, "best_n": 1.0}, "OBJECT-GRAVITY": {"min": 4.208383560180664, "max": 13.940491676330566, "best_n": 1.0}, "ATMOSPHERE-TEMPERATURE": {"min": 273.1500244140625, "max": 383.37969970703125, "best_n": 2.5244897959183676}, "ATMOSPHERE-PRESSURE": {"min": 164.91307067871094, "max": 2046.6563720703125, "best_n": 1.0}, "CH4": {"best_n": 6.65}, "CO": {"best_n": 6.8}, "CO2": {"best_n": 3.65}, "H2O": {"best_n": 4.8}, "N2": {"best_n": 0.35000000000000003}, "N2O": {"best_n": 16.150000000000002}, "O2": {"best_n": 2.35}, "O3": {"best_n": 13.8}}}